date,actual,mean,naive,seasonal_naive_daily,seasonal_naive_weekly,drift,sarimax,feature_model,foundation_model
2016-05-13 19:00:00,208.33333333333334,97.46163394267658,348.3333333333333,123.33333333333333,126.66666666666667,348.432667343944,203.3772745283852,178.44249,147.57378
2016-05-13 20:00:00,120.0,97.46163394267658,348.3333333333333,100.0,116.66666666666667,348.53200135455467,181.0004874154709,171.80515,109.84118
2016-05-13 21:00:00,63.333333333333336,97.46163394267658,348.3333333333333,71.66666666666667,71.66666666666667,348.63133536516534,127.74996571155104,102.870804,77.57862
2016-05-13 22:00:00,55.0,97.46163394267658,348.3333333333333,60.0,53.333333333333336,348.730669375776,101.67078559645245,67.03617,62.911682
2016-05-13 23:00:00,61.666666666666664,97.46163394267658,348.3333333333333,56.666666666666664,58.333333333333336,348.8300033863867,86.31111564313508,57.93387,57.007668
2016-05-14 00:00:00,58.333333333333336,97.46163394267658,348.3333333333333,55.0,51.666666666666664,348.92933739699737,75.41068021356301,61.74652,55.389503
2016-05-14 01:00:00,63.333333333333336,97.46163394267658,348.3333333333333,53.333333333333336,56.666666666666664,349.02867140760804,68.94637759562886,58.687256,54.986927
2016-05-14 02:00:00,60.0,97.46163394267658,348.3333333333333,58.333333333333336,53.333333333333336,349.1280054182187,63.95171275034633,62.403835,53.650803
2016-05-14 03:00:00,60.0,97.46163394267658,348.3333333333333,58.333333333333336,55.0,349.2273394288294,60.65351003488118,61.671257,53.600666
2016-05-14 04:00:00,60.0,97.46163394267658,348.3333333333333,50.0,55.0,349.32667343944007,60.67083883348568,62.41182,52.55178
2016-05-14 05:00:00,56.666666666666664,97.46163394267658,348.3333333333333,58.333333333333336,51.666666666666664,349.4260074500508,68.69280118763876,62.75197,53.18195
2016-05-14 06:00:00,63.333333333333336,97.46163394267658,348.3333333333333,146.66666666666666,53.333333333333336,349.5253414606615,79.38547626378232,72.986435,56.06194
2016-05-14 07:00:00,113.33333333333333,97.46163394267658,348.3333333333333,176.66666666666666,148.33333333333334,349.62467547127216,107.05693765688274,86.923485,84.46196
2016-05-14 08:00:00,133.33333333333334,97.46163394267658,348.3333333333333,338.3333333333333,121.66666666666667,349.72400948188283,126.02213753516176,117.42222,134.96332
2016-05-14 09:00:00,118.33333333333333,97.46163394267658,348.3333333333333,93.33333333333333,153.33333333333334,349.8233434924935,110.17663542300834,119.75184,171.62581
2016-05-14 10:00:00,158.33333333333334,97.46163394267658,348.3333333333333,73.33333333333333,178.33333333333334,349.9226775031042,117.32413049571726,136.1131,195.59021
2016-05-14 11:00:00,96.66666666666667,97.46163394267658,348.3333333333333,355.0,161.66666666666666,350.02201151371486,127.92871357838516,130.98999,211.63235
2016-05-14 12:00:00,116.66666666666667,97.46163394267658,348.3333333333333,301.6666666666667,86.66666666666667,350.12134552432553,122.35565722737556,125.09595,188.67145
2016-05-14 13:00:00,113.33333333333333,97.46163394267658,348.3333333333333,268.3333333333333,75.0,350.2206795349362,116.65309550065912,114.50903,170.93253
2016-05-14 14:00:00,106.66666666666667,97.46163394267658,348.3333333333333,318.3333333333333,88.33333333333333,350.3200135455469,112.91026361260582,123.16111,140.74905
2016-05-14 15:00:00,130.0,97.46163394267658,348.3333333333333,201.66666666666666,103.33333333333333,350.41934755615756,105.79800217123608,114.05905,135.91821
2016-05-14 16:00:00,111.66666666666667,97.46163394267658,348.3333333333333,351.6666666666667,91.66666666666667,350.51868156676824,138.73917965920035,122.83498,153.19417
2016-05-14 17:00:00,241.66666666666666,97.46163394267658,348.3333333333333,231.66666666666666,83.33333333333333,350.6180155773789,190.95092979639804,144.12907,166.54126
2016-05-14 18:00:00,166.66666666666666,97.46163394267658,348.3333333333333,348.3333333333333,285.0,350.7173495879896,190.0474310516446,180.61887,151.492
2016-05-14 19:00:00,90.0,97.52798298634431,166.66666666666666,208.33333333333334,120.0,166.7041764640018,137.2860796469888,143.70137,116.720024
2016-05-14 20:00:00,86.66666666666667,97.52798298634431,166.66666666666666,120.0,86.66666666666667,166.7416862613369,110.72253959181738,104.523636,98.381165
2016-05-14 21:00:00,75.0,97.52798298634431,166.66666666666666,63.333333333333336,56.666666666666664,166.77919605867203,77.41615536061933,73.80661,76.78308
2016-05-14 22:00:00,61.666666666666664,97.52798298634431,166.66666666666666,55.0,58.333333333333336,166.81670585600716,63.361496697642735,71.016556,65.4949
2016-05-14 23:00:00,48.333333333333336,97.52798298634431,166.66666666666666,61.666666666666664,56.666666666666664,166.8542156533423,56.39765529508993,62.05837,61.395473
2016-05-15 00:00:00,53.333333333333336,97.52798298634431,166.66666666666666,58.333333333333336,58.333333333333336,166.8917254506774,54.02985098580992,57.289806,59.926033
2016-05-15 01:00:00,55.0,97.52798298634431,166.66666666666666,63.333333333333336,51.666666666666664,166.92923524801253,54.82070062629012,58.086323,59.48017
2016-05-15 02:00:00,51.666666666666664,97.52798298634431,166.66666666666666,60.0,55.0,166.96674504534766,54.07229458675039,58.308067,59.198883
2016-05-15 03:00:00,40.0,97.52798298634431,166.66666666666666,60.0,56.666666666666664,167.00425484268277,53.27325829548788,57.80481,57.085102
2016-05-15 04:00:00,51.666666666666664,97.52798298634431,166.66666666666666,60.0,50.0,167.0417646400179,53.98041861922822,57.863007,56.86341
2016-05-15 05:00:00,56.666666666666664,97.52798298634431,166.66666666666666,56.666666666666664,56.666666666666664,167.07927443735304,62.89876495542531,57.439556,57.25381
2016-05-15 06:00:00,51.666666666666664,97.52798298634431,166.66666666666666,63.333333333333336,50.0,167.11678423468817,72.00334916578359,60.52536,60.767845
2016-05-15 07:00:00,93.33333333333333,97.52798298634431,166.66666666666666,113.33333333333333,60.0,167.15429403202327,101.39618326836477,72.65503,76.82203
2016-05-15 08:00:00,118.33333333333333,97.52798298634431,166.66666666666666,133.33333333333334,183.33333333333334,167.1918038293584,119.40285783811171,111.31717,101.62989
2016-05-15 09:00:00,101.66666666666667,97.52798298634431,166.66666666666666,118.33333333333333,143.33333333333334,167.22931362669354,110.39669599132375,112.9361,107.228226
2016-05-15 10:00:00,108.33333333333333,97.52798298634431,166.66666666666666,158.33333333333334,135.0,167.26682342402864,120.31999776475112,111.48912,105.56695
2016-05-15 11:00:00,105.0,97.52798298634431,166.66666666666666,96.66666666666667,50.0,167.30433322136378,120.83655245264217,107.1749,84.4471
2016-05-15 12:00:00,96.66666666666667,97.52798298634431,166.66666666666666,116.66666666666667,56.666666666666664,167.3418430186989,116.52722028994177,108.21994,79.91912
2016-05-15 13:00:00,136.66666666666666,97.52798298634431,166.66666666666666,113.33333333333333,56.666666666666664,167.37935281603404,110.14957713079852,102.836136,76.20558
2016-05-15 14:00:00,88.33333333333333,97.52798298634431,166.66666666666666,106.66666666666667,56.666666666666664,167.41686261336915,104.91598714253448,110.97194,78.92988
2016-05-15 15:00:00,93.33333333333333,97.52798298634431,166.66666666666666,130.0,50.0,167.45437241070428,100.22615612632214,124.76121,79.25612
2016-05-15 16:00:00,143.33333333333334,97.52798298634431,166.66666666666666,111.66666666666667,55.0,167.4918822080394,125.411349575826,110.68013,94.17615
2016-05-15 17:00:00,236.66666666666666,97.52798298634431,166.66666666666666,241.66666666666666,56.666666666666664,167.52939200537452,187.68333647900627,154.22533,150.05432
2016-05-15 18:00:00,98.33333333333333,97.52798298634431,166.66666666666666,166.66666666666666,50.0,167.56690180270965,182.13842255164732,178.04445,139.3553
2016-05-15 19:00:00,96.66666666666667,97.46169220519654,98.33333333333333,90.0,60.0,98.34777296456735,110.53295955008272,118.83548,99.72301
2016-05-15 20:00:00,246.66666666666666,97.46169220519654,98.33333333333333,86.66666666666667,78.33333333333333,98.3622125958014,85.95029088384268,96.93805,89.378426
2016-05-15 21:00:00,203.33333333333334,97.46169220519654,98.33333333333333,75.0,63.333333333333336,98.37665222703542,59.43070430132181,131.89832,70.57977
2016-05-15 22:00:00,86.66666666666667,97.46169220519654,98.33333333333333,61.666666666666664,58.333333333333336,98.39109185826946,46.9228924242918,122.98014,61.022816
2016-05-15 23:00:00,83.33333333333333,97.46169220519654,98.33333333333333,48.333333333333336,53.333333333333336,98.40553148950349,43.00343658357448,81.56751,57.57888
2016-05-16 00:00:00,61.666666666666664,97.46169220519654,98.33333333333333,53.333333333333336,55.0,98.41997112073753,43.81437028322463,74.44115,56.494034
2016-05-16 01:00:00,53.333333333333336,97.46169220519654,98.33333333333333,55.0,58.333333333333336,98.43441075197155,45.66897343998184,61.96358,56.245792
2016-05-16 02:00:00,56.666666666666664,97.46169220519654,98.33333333333333,51.666666666666664,55.0,98.4488503832056,45.92111650382216,57.83188,55.37974
2016-05-16 03:00:00,53.333333333333336,97.46169220519654,98.33333333333333,40.0,53.333333333333336,98.46329001443962,45.567800433934565,57.873463,53.96634
2016-05-16 04:00:00,55.0,97.46169220519654,98.33333333333333,51.666666666666664,56.666666666666664,98.47772964567366,47.41990241132064,58.09605,54.103497
2016-05-16 05:00:00,51.666666666666664,97.46169220519654,98.33333333333333,56.666666666666664,65.0,98.49216927690769,55.41116092353418,61.414227,60.386147
2016-05-16 06:00:00,53.333333333333336,97.46169220519654,98.33333333333333,51.666666666666664,55.0,98.50660890814173,63.8736730045545,57.923782,61.757362
2016-05-16 07:00:00,61.666666666666664,97.46169220519654,98.33333333333333,93.33333333333333,56.666666666666664,98.52104853937576,95.56074620974664,68.88755,70.19523
2016-05-16 08:00:00,88.33333333333333,97.46169220519654,98.33333333333333,118.33333333333333,61.666666666666664,98.5354881706098,114.8750768995858,82.69061,69.39523
2016-05-16 09:00:00,70.0,97.46169220519654,98.33333333333333,101.66666666666667,66.66666666666667,98.54992780184382,106.47881366039576,101.39439,63.76286
2016-05-16 10:00:00,148.33333333333334,97.46169220519654,98.33333333333333,108.33333333333333,55.0,98.56436743307786,116.9834818675308,103.98395,65.593056
2016-05-16 11:00:00,103.33333333333333,97.46169220519654,98.33333333333333,105.0,61.666666666666664,98.57880706431189,118.9083109266993,112.651726,66.90599
2016-05-16 12:00:00,206.66666666666666,97.46169220519654,98.33333333333333,96.66666666666667,135.0,98.59324669554593,113.26355479189247,131.91423,68.91456
2016-05-16 13:00:00,266.6666666666667,97.46169220519654,98.33333333333333,136.66666666666666,173.33333333333334,98.60768632677996,110.07260417724451,135.09648,71.10007
2016-05-16 14:00:00,88.33333333333333,97.46169220519654,98.33333333333333,88.33333333333333,88.33333333333333,98.622125958014,102.956612777104,171.92007,72.98173
2016-05-16 15:00:00,111.66666666666667,97.46169220519654,98.33333333333333,93.33333333333333,70.0,98.63656558924802,99.65986386939844,130.48944,74.29359
2016-05-16 16:00:00,88.33333333333333,97.46169220519654,98.33333333333333,143.33333333333334,78.33333333333333,98.65100522048206,126.74003450039652,122.53162,88.75456
2016-05-16 17:00:00,243.33333333333334,97.46169220519654,98.33333333333333,236.66666666666666,268.3333333333333,98.66544485171609,184.62749175823836,139.30598,173.53148
2016-05-16 18:00:00,155.0,97.46169220519654,98.33333333333333,98.33333333333333,120.0,98.67988448295013,166.9341033749183,161.89471,129.75511
2016-05-16 19:00:00,115.0,97.59198061246973,155.0,96.66666666666667,110.0,155.03305785123968,125.5996652906712,123.05216,118.75692
2016-05-16 20:00:00,96.66666666666667,97.59198061246973,155.0,246.66666666666666,95.0,155.06611570247935,114.33714884543218,112.7648,105.087616
2016-05-16 21:00:00,68.33333333333333,97.59198061246973,155.0,203.33333333333334,71.66666666666667,155.099173553719,82.58734305400942,93.29102,75.09044
2016-05-16 22:00:00,46.666666666666664,97.59198061246973,155.0,86.66666666666667,71.66666666666667,155.13223140495867,61.81070219726965,78.92824,63.56753
2016-05-16 23:00:00,60.0,97.59198061246973,155.0,83.33333333333333,60.0,155.16528925619835,56.59935910343594,68.166176,58.610313
2016-05-17 00:00:00,50.0,97.59198061246973,155.0,61.666666666666664,51.666666666666664,155.19834710743802,54.033643072851405,61.498707,56.25357
2016-05-17 01:00:00,55.0,97.59198061246973,155.0,53.333333333333336,55.0,155.23140495867767,53.58717523309491,57.34944,54.601692
2016-05-17 02:00:00,51.666666666666664,97.59198061246973,155.0,56.666666666666664,56.666666666666664,155.26446280991735,52.72912022563781,58.02802,55.25719
2016-05-17 03:00:00,53.333333333333336,97.59198061246973,155.0,53.333333333333336,56.666666666666664,155.29752066115702,51.21774068059423,57.44693,53.337173
2016-05-17 04:00:00,53.333333333333336,97.59198061246973,155.0,55.0,50.0,155.3305785123967,51.25281882327917,57.81676,53.521122
2016-05-17 05:00:00,58.333333333333336,97.59198061246973,155.0,51.666666666666664,71.66666666666667,155.36363636363637,58.95128192092264,61.566914,62.144135
2016-05-17 06:00:00,56.666666666666664,97.59198061246973,155.0,53.333333333333336,63.333333333333336,155.39669421487602,68.25127587951712,62.48992,64.82904
2016-05-17 07:00:00,65.0,97.59198061246973,155.0,61.666666666666664,60.0,155.4297520661157,97.14988240163532,63.442116,69.75471
2016-05-17 08:00:00,56.666666666666664,97.59198061246973,155.0,88.33333333333333,56.666666666666664,155.46280991735537,114.99553966627474,80.004555,66.38314
2016-05-17 09:00:00,51.666666666666664,97.59198061246973,155.0,70.0,55.0,155.49586776859505,104.8572836347024,62.662735,57.883987
2016-05-17 10:00:00,53.333333333333336,97.59198061246973,155.0,148.33333333333334,53.333333333333336,155.52892561983472,119.35743557008442,75.08021,58.444614
2016-05-17 11:00:00,51.666666666666664,97.59198061246973,155.0,103.33333333333333,56.666666666666664,155.56198347107437,118.37620962005876,69.37716,57.873867
2016-05-17 12:00:00,53.333333333333336,97.59198061246973,155.0,206.66666666666666,58.333333333333336,155.59504132231405,118.62094595628598,74.54257,60.40736
2016-05-17 13:00:00,41.666666666666664,97.59198061246973,155.0,266.6666666666667,53.333333333333336,155.62809917355372,119.51796632655623,75.84987,62.377983
2016-05-17 14:00:00,53.333333333333336,97.59198061246973,155.0,88.33333333333333,53.333333333333336,155.6611570247934,105.99059744020946,67.06176,62.015156
2016-05-17 15:00:00,51.666666666666664,97.59198061246973,155.0,111.66666666666667,56.666666666666664,155.69421487603304,105.70605924217844,70.04963,62.26098
2016-05-17 16:00:00,66.66666666666667,97.59198061246973,155.0,88.33333333333333,63.333333333333336,155.72727272727272,130.98051624324307,70.193344,79.13418
2016-05-17 17:00:00,153.33333333333334,97.59198061246973,155.0,243.33333333333334,126.66666666666667,155.7603305785124,197.65854444304,120.97422,181.07898
2016-05-17 18:00:00,100.0,97.59198061246973,155.0,155.0,101.66666666666667,155.79338842975207,178.58757414385272,159.2414,144.22781
2016-05-17 19:00:00,123.33333333333333,97.33661202185793,100.0,115.0,105.0,100.0147589373565,86.63973875647619,117.964355,102.59525
2016-05-17 20:00:00,118.33333333333333,97.33661202185793,100.0,96.66666666666667,95.0,100.02951787471302,81.70587668997221,102.78965,90.694046
2016-05-17 21:00:00,65.0,97.33661202185793,100.0,68.33333333333333,68.33333333333333,100.04427681206953,57.51069024475038,82.90049,63.808628
2016-05-17 22:00:00,46.666666666666664,97.33661202185793,100.0,46.666666666666664,58.333333333333336,100.05903574942604,44.913240479615226,64.85545,56.00789
2016-05-17 23:00:00,55.0,97.33661202185793,100.0,60.0,56.666666666666664,100.07379468678255,43.23218888436975,58.03586,53.728558
2016-05-18 00:00:00,51.666666666666664,97.33661202185793,100.0,50.0,51.666666666666664,100.08855362413907,43.12624139336964,60.325703,53.469883
2016-05-18 01:00:00,53.333333333333336,97.33661202185793,100.0,55.0,56.666666666666664,100.10331256149557,46.449302173353885,59.686302,53.309902
2016-05-18 02:00:00,55.0,97.33661202185793,100.0,51.666666666666664,56.666666666666664,100.11807149885209,48.262770403619925,57.74802,53.31908
2016-05-18 03:00:00,51.666666666666664,97.33661202185793,100.0,53.333333333333336,53.333333333333336,100.1328304362086,47.64249901240693,60.41041,51.61153
2016-05-18 04:00:00,51.666666666666664,97.33661202185793,100.0,53.333333333333336,51.666666666666664,100.1475893735651,48.90104811637862,57.173557,51.81675
2016-05-18 05:00:00,65.0,97.33661202185793,100.0,58.333333333333336,68.33333333333333,100.16234831092162,56.75820928923801,63.93731,59.01005
2016-05-18 06:00:00,70.0,97.33661202185793,100.0,56.666666666666664,110.0,100.17710724827812,65.05343246081169,67.57172,69.93234
2016-05-18 07:00:00,53.333333333333336,97.33661202185793,100.0,65.0,76.66666666666667,100.19186618563464,93.76741218052516,94.40052,73.17615
2016-05-18 08:00:00,61.666666666666664,97.33661202185793,100.0,56.666666666666664,161.66666666666666,100.20662512299114,111.24158801397552,67.11355,72.219376
2016-05-18 09:00:00,65.0,97.33661202185793,100.0,51.666666666666664,65.0,100.22138406034766,101.79955834499908,72.75541,63.879738
2016-05-18 10:00:00,58.333333333333336,97.33661202185793,100.0,53.333333333333336,63.333333333333336,100.23614299770416,113.6907574501227,73.42308,63.558018
2016-05-18 11:00:00,70.0,97.33661202185793,100.0,51.666666666666664,55.0,100.25090193506068,115.48093087858832,62.32957,61.00765
2016-05-18 12:00:00,56.666666666666664,97.33661202185793,100.0,53.333333333333336,56.666666666666664,100.26566087241719,114.92687828680056,91.354004,61.58868
2016-05-18 13:00:00,86.66666666666667,97.33661202185793,100.0,41.666666666666664,73.33333333333333,100.28041980977369,113.46575097662226,64.79625,65.23181
2016-05-18 14:00:00,81.66666666666667,97.33661202185793,100.0,53.333333333333336,80.0,100.29517874713021,104.04916948153028,97.39084,68.35376
2016-05-18 15:00:00,83.33333333333333,97.33661202185793,100.0,51.666666666666664,76.66666666666667,100.30993768448671,100.29116632008513,96.2055,68.79092
2016-05-18 16:00:00,105.0,97.33661202185793,100.0,66.66666666666667,75.0,100.32469662184323,124.60658130428985,96.6073,79.113106
2016-05-18 17:00:00,118.33333333333333,97.33661202185793,100.0,153.33333333333334,91.66666666666667,100.33945555919973,193.13394849026375,136.39955,139.10513
2016-05-18 18:00:00,178.33333333333334,97.33661202185793,100.0,100.0,101.66666666666667,100.35421449655625,175.57312936136054,152.49536,131.8118
2016-05-18 19:00:00,143.33333333333334,97.17035350249402,178.33333333333334,123.33333333333333,95.0,178.37346783816034,111.21516933871784,146.77779,116.82387
2016-05-18 20:00:00,223.33333333333334,97.17035350249402,178.33333333333334,118.33333333333333,85.0,178.41360234298733,110.5888596003523,109.8936,97.715836
2016-05-18 21:00:00,81.66666666666667,97.17035350249402,178.33333333333334,65.0,61.666666666666664,178.4537368478143,74.21016802639984,112.4205,65.490456
2016-05-18 22:00:00,51.666666666666664,97.17035350249402,178.33333333333334,46.666666666666664,55.0,178.4938713526413,55.48171080374616,81.58588,57.00274
2016-05-18 23:00:00,56.666666666666664,97.17035350249402,178.33333333333334,55.0,56.666666666666664,178.5340058574683,51.73430880225792,60.78157,55.520847
2016-05-19 00:00:00,51.666666666666664,97.17035350249402,178.33333333333334,51.666666666666664,56.666666666666664,178.57414036229528,50.58705805055391,57.65886,54.2722
2016-05-19 01:00:00,51.666666666666664,97.17035350249402,178.33333333333334,53.333333333333336,56.666666666666664,178.61427486712225,51.41293134888845,57.18275,54.754124
2016-05-19 02:00:00,50.0,97.17035350249402,178.33333333333334,55.0,56.666666666666664,178.65440937194924,50.23947325148981,57.111595,54.779133
2016-05-19 03:00:00,51.666666666666664,97.17035350249402,178.33333333333334,51.666666666666664,50.0,178.69454387677624,48.9199687119343,57.152245,53.08828
2016-05-19 04:00:00,56.666666666666664,97.17035350249402,178.33333333333334,51.666666666666664,56.666666666666664,178.73467838160323,50.30032153309469,57.35683,53.20525
2016-05-19 05:00:00,55.0,97.17035350249402,178.33333333333334,65.0,61.666666666666664,178.7748128864302,58.706048761267056,60.41918,59.640965
2016-05-19 06:00:00,58.333333333333336,97.17035350249402,178.33333333333334,70.0,48.333333333333336,178.8149473912572,66.5377283243651,58.654556,65.651146
2016-05-19 07:00:00,50.0,97.17035350249402,178.33333333333334,53.333333333333336,58.333333333333336,178.8550818960842,91.39956675419867,62.59964,72.29144
2016-05-19 08:00:00,53.333333333333336,97.17035350249402,178.33333333333334,61.666666666666664,51.666666666666664,178.89521640091118,107.49279501491507,61.51209,74.60579
2016-05-19 09:00:00,36.666666666666664,97.17035350249402,178.33333333333334,65.0,48.333333333333336,178.93535090573815,98.94429249385962,61.942394,64.90465
2016-05-19 10:00:00,55.0,97.17035350249402,178.33333333333334,58.333333333333336,58.333333333333336,178.97548541056514,110.36651090548278,59.815258,62.89634
2016-05-19 11:00:00,51.666666666666664,97.17035350249402,178.33333333333334,70.0,50.0,179.01561991539214,111.653259296108,61.05776,62.318985
2016-05-19 12:00:00,55.0,97.17035350249402,178.33333333333334,56.666666666666664,55.0,179.05575442021913,108.74623617463932,60.49575,61.171543
2016-05-19 13:00:00,50.0,97.17035350249402,178.33333333333334,86.66666666666667,56.666666666666664,179.0958889250461,106.039271883576,67.70502,61.61358
2016-05-19 14:00:00,63.333333333333336,97.17035350249402,178.33333333333334,81.66666666666667,56.666666666666664,179.1360234298731,91.58257579547512,64.62098,63.934414
2016-05-19 15:00:00,81.66666666666667,97.17035350249402,178.33333333333334,83.33333333333333,68.33333333333333,179.1761579347001,91.16707901709631,80.57905,65.32208
2016-05-19 16:00:00,90.0,97.17035350249402,178.33333333333334,105.0,118.33333333333333,179.21629243952708,118.7528427907122,101.147316,82.97002
2016-05-19 17:00:00,208.33333333333334,97.17035350249402,178.33333333333334,118.33333333333333,208.33333333333334,179.25642694435405,177.0312773861823,125.54772,172.23747
2016-05-19 18:00:00,120.0,97.17035350249402,178.33333333333334,178.33333333333334,105.0,179.29656144918104,164.0905743901898,159.95642,157.1767
2016-05-19 19:00:00,98.33333333333333,97.0136647299333,120.0,143.33333333333334,123.33333333333333,120.02098805295448,110.09961944217636,132.78401,113.97032
2016-05-19 20:00:00,118.33333333333333,97.0136647299333,120.0,223.33333333333334,100.0,120.04197610590894,107.01545978455684,106.50264,101.831184
2016-05-19 21:00:00,66.66666666666667,97.0136647299333,120.0,81.66666666666667,71.66666666666667,120.06296415886342,70.86738946787959,87.10811,66.934975
2016-05-19 22:00:00,50.0,97.0136647299333,120.0,51.666666666666664,60.0,120.08395221181789,53.71946080543472,67.44539,58.13573
2016-05-19 23:00:00,56.666666666666664,97.0136647299333,120.0,56.666666666666664,56.666666666666664,120.10494026477237,51.9726608927586,57.446796,55.239815
2016-05-20 00:00:00,51.666666666666664,97.0136647299333,120.0,51.666666666666664,55.0,120.12592831772683,50.31103978428084,57.763313,54.75551
2016-05-20 01:00:00,51.666666666666664,97.0136647299333,120.0,51.666666666666664,53.333333333333336,120.14691637068131,52.22940400064292,57.07607,55.504593
2016-05-20 02:00:00,36.666666666666664,97.0136647299333,120.0,50.0,58.333333333333336,120.16790442363578,52.07239943615824,57.244755,55.284714
2016-05-20 03:00:00,58.333333333333336,97.0136647299333,120.0,51.666666666666664,58.333333333333336,120.18889247659025,51.32200898267217,56.542946,53.577484
2016-05-20 04:00:00,51.666666666666664,97.0136647299333,120.0,56.666666666666664,50.0,120.20988052954472,53.57880099604924,58.631165,52.731575
2016-05-20 05:00:00,61.666666666666664,97.0136647299333,120.0,55.0,58.333333333333336,120.2308685824992,60.847961184119626,60.20765,55.4287
2016-05-20 06:00:00,66.66666666666667,97.0136647299333,120.0,58.333333333333336,146.66666666666666,120.25185663545366,67.91596025528165,73.19558,73.8409
2016-05-20 07:00:00,80.0,97.0136647299333,120.0,50.0,176.66666666666666,120.27284468840814,92.20532473588248,96.4701,110.71011
2016-05-20 08:00:00,126.66666666666667,97.0136647299333,120.0,53.333333333333336,338.3333333333333,120.2938327413626,107.11001081790756,125.00885,126.08112
2016-05-20 09:00:00,73.33333333333333,97.0136647299333,120.0,36.666666666666664,93.33333333333333,120.31482079431709,97.12845646362403,113.58457,128.15608
2016-05-20 10:00:00,81.66666666666667,97.0136647299333,120.0,55.0,73.33333333333333,120.33580884727155,109.73834945046046,112.35225,120.853745
2016-05-20 11:00:00,73.33333333333333,97.0136647299333,120.0,51.666666666666664,355.0,120.35679690022603,109.88265956286286,121.12053,131.6435
2016-05-20 12:00:00,71.66666666666667,97.0136647299333,120.0,55.0,301.6666666666667,120.3777849531805,109.8134869836558,118.89838,129.1405
2016-05-20 13:00:00,61.666666666666664,97.0136647299333,120.0,50.0,268.3333333333333,120.39877300613497,111.58212441303152,100.942406,118.439156
2016-05-20 14:00:00,60.0,97.0136647299333,120.0,63.333333333333336,318.3333333333333,120.41976105908944,103.23590018512472,75.266045,109.67569
2016-05-20 15:00:00,46.666666666666664,97.0136647299333,120.0,81.66666666666667,201.66666666666666,120.44074911204392,102.72133730830416,75.14661,107.74478
2016-05-20 16:00:00,48.333333333333336,97.0136647299333,120.0,90.0,351.6666666666667,120.46173716499838,126.29148204408268,71.471825,121.25905
2016-05-20 17:00:00,75.0,97.0136647299333,120.0,208.33333333333334,231.66666666666666,120.48272521795286,191.88670292391785,93.34079,162.74005
2016-05-20 18:00:00,78.33333333333333,97.0136647299333,120.0,120.0,348.3333333333333,120.50371327090733,170.10777782418785,156.11433,159.1126
2016-05-20 19:00:00,65.0,96.79478966474481,78.33333333333333,98.33333333333333,208.33333333333334,78.34080956958239,60.79873979210474,118.741005,76.952995
2016-05-20 20:00:00,70.0,96.79478966474481,78.33333333333333,118.33333333333333,120.0,78.34828580583147,71.57675894949514,78.764175,76.22078
2016-05-20 21:00:00,65.0,96.79478966474481,78.33333333333333,66.66666666666667,63.333333333333336,78.35576204208053,44.11866869579387,73.38175,63.160892
2016-05-20 22:00:00,53.333333333333336,96.79478966474481,78.33333333333333,50.0,55.0,78.36323827832959,34.04361962256651,64.877594,54.439964
2016-05-20 23:00:00,45.0,96.79478966474481,78.33333333333333,56.666666666666664,61.666666666666664,78.37071451457865,36.45713170393239,60.03899,52.260586
2016-05-21 00:00:00,48.333333333333336,96.79478966474481,78.33333333333333,51.666666666666664,58.333333333333336,78.37819075082773,38.41911417551586,57.027664,52.13126
2016-05-21 01:00:00,51.666666666666664,96.79478966474481,78.33333333333333,51.666666666666664,63.333333333333336,78.38566698707679,43.23181847463408,60.153713,52.22341
2016-05-21 02:00:00,56.666666666666664,96.79478966474481,78.33333333333333,36.666666666666664,60.0,78.39314322332585,44.231096439783656,58.187252,51.523754
2016-05-21 03:00:00,48.333333333333336,96.79478966474481,78.33333333333333,58.333333333333336,60.0,78.40061945957491,46.63942797517478,59.03346,51.293606
2016-05-21 04:00:00,56.666666666666664,96.79478966474481,78.33333333333333,51.666666666666664,60.0,78.40809569582399,48.34573168258291,58.182102,51.87042
2016-05-21 05:00:00,51.666666666666664,96.79478966474481,78.33333333333333,61.666666666666664,56.666666666666664,78.41557193207305,57.01346669169675,58.36131,52.25976
2016-05-21 06:00:00,60.0,96.79478966474481,78.33333333333333,66.66666666666667,63.333333333333336,78.42304816832211,66.16345323698879,61.47523,53.986847
2016-05-21 07:00:00,56.666666666666664,96.79478966474481,78.33333333333333,80.0,113.33333333333333,78.43052440457117,90.30838310189586,75.32847,66.090034
2016-05-21 08:00:00,208.33333333333334,96.79478966474481,78.33333333333333,126.66666666666667,133.33333333333334,78.43800064082025,107.9187693214853,77.802986,86.04377
2016-05-21 09:00:00,310.0,96.79478966474481,78.33333333333333,73.33333333333333,118.33333333333333,78.44547687706931,95.85759938964752,147.71547,86.89586
2016-05-21 10:00:00,383.3333333333333,96.79478966474481,78.33333333333333,81.66666666666667,158.33333333333334,78.45295311331837,107.76947283501904,240.02754,91.03837
2016-05-21 11:00:00,431.6666666666667,96.79478966474481,78.33333333333333,73.33333333333333,96.66666666666667,78.46042934956745,108.045165306654,253.37059,98.036644
2016-05-21 12:00:00,228.33333333333334,96.79478966474481,78.33333333333333,71.66666666666667,116.66666666666667,78.46790558581651,107.40379586399531,262.52765,88.84686
2016-05-21 13:00:00,343.3333333333333,96.79478966474481,78.33333333333333,61.666666666666664,113.33333333333333,78.47538182206557,106.3559674195061,272.341,84.10712
2016-05-21 14:00:00,303.3333333333333,96.79478966474481,78.33333333333333,60.0,106.66666666666667,78.48285805831463,95.5910274387216,234.84889,79.27767
2016-05-21 15:00:00,361.6666666666667,96.79478966474481,78.33333333333333,46.666666666666664,130.0,78.49033429456371,91.73563391579894,213.30359,75.48267
2016-05-21 16:00:00,100.0,96.79478966474481,78.33333333333333,48.333333333333336,111.66666666666667,78.49781053081277,113.16581126390872,203.64363,80.52861
2016-05-21 17:00:00,95.0,96.79478966474481,78.33333333333333,75.0,241.66666666666666,78.50528676706183,176.70805688613842,152.64964,95.939926
2016-05-21 18:00:00,125.0,96.79478966474481,78.33333333333333,78.33333333333333,166.66666666666666,78.5127630033109,161.80790798279872,146.38072,101.05312
2016-05-21 19:00:00,108.33333333333333,97.20650561559653,125.0,65.0,90.0,125.02225755166931,86.31094905973112,121.99064,95.97619
2016-05-21 20:00:00,95.0,97.20650561559653,125.0,70.0,86.66666666666667,125.04451510333864,94.20731677232236,94.89771,87.704254
2016-05-21 21:00:00,135.0,97.20650561559653,125.0,65.0,75.0,125.06677265500795,61.06775047300401,74.67404,71.52243
2016-05-21 22:00:00,73.33333333333333,97.20650561559653,125.0,53.333333333333336,61.666666666666664,125.08903020667726,46.37711902662362,83.18352,60.178135
2016-05-21 23:00:00,148.33333333333334,97.20650561559653,125.0,45.0,48.333333333333336,125.11128775834658,44.90366519488744,76.463554,56.112064
2016-05-22 00:00:00,60.0,97.20650561559653,125.0,48.333333333333336,53.333333333333336,125.1335453100159,44.21699649142009,85.92423,54.926117
2016-05-22 01:00:00,56.666666666666664,97.20650561559653,125.0,51.666666666666664,55.0,125.15580286168522,46.744418289922095,72.850334,55.36892
2016-05-22 02:00:00,51.666666666666664,97.20650561559653,125.0,56.666666666666664,51.666666666666664,125.17806041335453,46.67841544685734,58.88517,54.27275
2016-05-22 03:00:00,53.333333333333336,97.20650561559653,125.0,48.333333333333336,40.0,125.20031796502384,45.535953745020336,57.31591,52.92898
2016-05-22 04:00:00,55.0,97.20650561559653,125.0,56.666666666666664,51.666666666666664,125.22257551669317,48.109986699365024,58.12969,52.145332
2016-05-22 05:00:00,50.0,97.20650561559653,125.0,51.666666666666664,56.666666666666664,125.24483306836248,55.75370719032003,58.275543,52.059338
2016-05-22 06:00:00,58.333333333333336,97.20650561559653,125.0,60.0,51.666666666666664,125.2670906200318,63.03043190024404,58.181484,53.15624
2016-05-22 07:00:00,63.333333333333336,97.20650561559653,125.0,56.666666666666664,93.33333333333333,125.2893481717011,86.74044874169992,66.80666,64.49646
2016-05-22 08:00:00,190.0,97.20650561559653,125.0,208.33333333333334,118.33333333333333,125.31160572337043,112.589269680798,88.10151,99.88576
2016-05-22 09:00:00,113.33333333333333,97.20650561559653,125.0,310.0,101.66666666666667,125.33386327503975,108.89574899807148,156.08418,112.31959
2016-05-22 10:00:00,201.66666666666666,97.20650561559653,125.0,383.3333333333333,108.33333333333333,125.35612082670906,124.61714483880662,149.71335,117.98121
2016-05-22 11:00:00,343.3333333333333,97.20650561559653,125.0,431.6666666666667,105.0,125.37837837837837,129.53853614037516,159.74652,90.448494
2016-05-22 12:00:00,126.66666666666667,97.20650561559653,125.0,228.33333333333334,96.66666666666667,125.4006359300477,117.27255414324168,195.19138,80.33796
2016-05-22 13:00:00,103.33333333333333,97.20650561559653,125.0,343.3333333333333,136.66666666666666,125.42289348171701,124.323543962596,160.42465,74.55934
2016-05-22 14:00:00,106.66666666666667,97.20650561559653,125.0,303.3333333333333,88.33333333333333,125.44515103338632,113.634147914145,123.32484,71.884514
2016-05-22 15:00:00,96.66666666666667,97.20650561559653,125.0,361.6666666666667,93.33333333333333,125.46740858505565,116.97523218454292,114.73707,73.1006
2016-05-22 16:00:00,88.33333333333333,97.20650561559653,125.0,100.0,143.33333333333334,125.48966613672496,121.47010577805555,105.62658,81.57471
2016-05-22 17:00:00,265.0,97.20650561559653,125.0,95.0,236.66666666666666,125.51192368839428,179.54670699510837,123.724335,108.0957
2016-05-22 18:00:00,120.0,97.20650561559653,125.0,125.0,98.33333333333333,125.53418124006359,164.7519608405239,160.39998,113.04597
2016-05-22 19:00:00,96.66666666666667,97.34227129337539,120.0,108.33333333333333,96.66666666666667,120.020511202272,123.78499868264082,135.51366,111.40195
2016-05-22 20:00:00,116.66666666666667,97.34227129337539,120.0,95.0,246.66666666666666,120.04102240454402,108.31819922267908,118.33496,102.95023
2016-05-22 21:00:00,88.33333333333333,97.34227129337539,120.0,135.0,203.33333333333334,120.06153360681603,80.49094360983227,111.63653,84.143776
2016-05-22 22:00:00,78.33333333333333,97.34227129337539,120.0,73.33333333333333,86.66666666666667,120.08204480908805,59.26542341433122,83.23709,65.74053
2016-05-22 23:00:00,60.0,97.34227129337539,120.0,148.33333333333334,83.33333333333333,120.10255601136005,59.67610312507821,86.83812,62.415493
2016-05-23 00:00:00,58.333333333333336,97.34227129337539,120.0,60.0,61.666666666666664,120.12306721363205,50.63446878701727,62.71207,59.86977
2016-05-23 01:00:00,51.666666666666664,97.34227129337539,120.0,56.666666666666664,53.333333333333336,120.14357841590407,51.38938039099792,59.00609,58.30228
2016-05-23 02:00:00,58.333333333333336,97.34227129337539,120.0,51.666666666666664,56.666666666666664,120.16408961817608,50.88887894292867,57.494953,57.51491
2016-05-23 03:00:00,51.666666666666664,97.34227129337539,120.0,53.333333333333336,53.333333333333336,120.1846008204481,51.08614247526249,58.963512,55.486393
2016-05-23 04:00:00,50.0,97.34227129337539,120.0,55.0,55.0,120.2051120227201,51.674217705597286,57.530205,56.80367
2016-05-23 05:00:00,66.66666666666667,97.34227129337539,120.0,50.0,51.666666666666664,120.2256232249921,58.092681537588746,60.25482,59.535694
2016-05-23 06:00:00,60.0,97.34227129337539,120.0,58.333333333333336,53.333333333333336,120.24613442726412,65.65002714852308,77.501015,59.427147
2016-05-23 07:00:00,56.666666666666664,97.34227129337539,120.0,63.333333333333336,61.666666666666664,120.26664562953613,86.0419437183049,73.969574,64.21209
2016-05-23 08:00:00,51.666666666666664,97.34227129337539,120.0,190.0,88.33333333333333,120.28715683180815,115.2007143576506,79.57996,70.8914
2016-05-23 09:00:00,55.0,97.34227129337539,120.0,113.33333333333333,70.0,120.30766803408015,105.24116050089872,77.9976,71.803734
2016-05-23 10:00:00,51.666666666666664,97.34227129337539,120.0,201.66666666666666,148.33333333333334,120.32817923635216,125.39369591547656,80.95972,80.98198
2016-05-23 11:00:00,56.666666666666664,97.34227129337539,120.0,343.3333333333333,103.33333333333333,120.34869043862417,138.55807802517202,84.16987,83.44711
2016-05-23 12:00:00,61.666666666666664,97.34227129337539,120.0,126.66666666666667,206.66666666666666,120.36920164089618,117.0826936417123,78.125435,82.84005
2016-05-23 13:00:00,56.666666666666664,97.34227129337539,120.0,103.33333333333333,266.6666666666667,120.3897128431682,120.32919948066788,83.24687,84.82825
2016-05-23 14:00:00,58.333333333333336,97.34227129337539,120.0,106.66666666666667,88.33333333333333,120.4102240454402,111.91110281400496,71.3035,84.5346
2016-05-23 15:00:00,73.33333333333333,97.34227129337539,120.0,96.66666666666667,111.66666666666667,120.4307352477122,113.49890985050304,71.73343,83.8918
2016-05-23 16:00:00,156.66666666666666,97.34227129337539,120.0,88.33333333333333,88.33333333333333,120.45124644998423,124.7878743687452,97.24733,92.65741
2016-05-23 17:00:00,380.0,97.34227129337539,120.0,265.0,243.33333333333334,120.47175765225623,194.00098754418335,164.98714,190.38792
2016-05-23 18:00:00,123.33333333333333,97.34227129337539,120.0,120.0,155.0,120.49226885452825,169.38355572668794,238.1087,133.88382
2016-05-23 19:00:00,120.0,97.24274681694845,123.33333333333333,96.66666666666667,115.0,123.35473431464662,151.87175702223965,126.67884,109.10983
2016-05-23 20:00:00,105.0,97.24274681694845,123.33333333333333,116.66666666666667,96.66666666666667,123.37613529595991,122.1409980128384,111.84093,99.26031
2016-05-23 21:00:00,68.33333333333333,97.24274681694845,123.33333333333333,88.33333333333333,68.33333333333333,123.3975362772732,89.74364752522325,88.87371,65.894516
2016-05-23 22:00:00,63.333333333333336,97.24274681694845,123.33333333333333,78.33333333333333,46.666666666666664,123.41893725858648,66.36511823786435,77.849266,58.75909
2016-05-23 23:00:00,58.333333333333336,97.24274681694845,123.33333333333333,60.0,60.0,123.44033823989977,62.88420302355013,64.76728,56.803318
2016-05-24 00:00:00,50.0,97.24274681694845,123.33333333333333,58.333333333333336,50.0,123.46173922121307,56.28972528580361,58.89252,54.786827
2016-05-24 01:00:00,56.666666666666664,97.24274681694845,123.33333333333333,51.666666666666664,55.0,123.48314020252636,56.12442924300228,57.26415,53.414585
2016-05-24 02:00:00,55.0,97.24274681694845,123.33333333333333,58.333333333333336,51.666666666666664,123.50454118383965,56.26390466354283,58.04655,54.65105
2016-05-24 03:00:00,53.333333333333336,97.24274681694845,123.33333333333333,51.666666666666664,53.333333333333336,123.52594216515294,54.62440024632284,57.793705,52.718815
2016-05-24 04:00:00,53.333333333333336,97.24274681694845,123.33333333333333,50.0,53.333333333333336,123.54734314646622,54.29100502300241,57.995872,52.61276
2016-05-24 05:00:00,106.66666666666667,97.24274681694845,123.33333333333333,66.66666666666667,58.333333333333336,123.56874412777951,60.85344079339224,58.511646,65.27325
2016-05-24 06:00:00,71.66666666666667,97.24274681694845,123.33333333333333,60.0,56.666666666666664,123.5901451090928,68.59645852076659,94.83647,67.302315
2016-05-24 07:00:00,161.66666666666666,97.24274681694845,123.33333333333333,56.666666666666664,65.0,123.6115460904061,90.01820054499156,105.12644,66.73448
2016-05-24 08:00:00,56.666666666666664,97.24274681694845,123.33333333333333,51.666666666666664,56.666666666666664,123.63294707171939,114.4141612183226,114.51945,59.419495
2016-05-24 09:00:00,38.333333333333336,97.24274681694845,123.33333333333333,55.0,51.666666666666664,123.65434805303268,105.2201573764178,83.63341,52.864296
2016-05-24 10:00:00,66.66666666666667,97.24274681694845,123.33333333333333,51.666666666666664,53.333333333333336,123.67574903434596,121.26738736288186,63.71684,51.966305
2016-05-24 11:00:00,101.66666666666667,97.24274681694845,123.33333333333333,56.666666666666664,51.666666666666664,123.69715001565925,129.00220068890627,83.014946,54.927277
2016-05-24 12:00:00,128.33333333333334,97.24274681694845,123.33333333333333,61.666666666666664,53.333333333333336,123.71855099697254,112.06662904594953,99.69337,54.647682
2016-05-24 13:00:00,118.33333333333333,97.24274681694845,123.33333333333333,56.666666666666664,41.666666666666664,123.73995197828583,116.68108159871466,108.8353,55.179146
2016-05-24 14:00:00,150.0,97.24274681694845,123.33333333333333,58.333333333333336,53.333333333333336,123.76135295959912,108.35284556523126,113.59322,55.916275
2016-05-24 15:00:00,141.66666666666666,97.24274681694845,123.33333333333333,73.33333333333333,51.666666666666664,123.78275394091241,108.62401956687845,123.44574,57.449375
2016-05-24 16:00:00,141.66666666666666,97.24274681694845,123.33333333333333,156.66666666666666,66.66666666666667,123.80415492222569,124.3444453083691,142.50456,71.55163
2016-05-24 17:00:00,203.33333333333334,97.24274681694845,123.33333333333333,380.0,153.33333333333334,123.82555590353898,200.96400326193208,178.4075,176.0086
2016-05-24 18:00:00,136.66666666666666,97.24274681694845,123.33333333333333,123.33333333333333,100.0,123.84695688485228,165.43565161239803,164.05736,123.79518
2016-05-24 19:00:00,123.33333333333333,97.23430702299565,136.66666666666666,120.0,123.33333333333333,136.69205263703242,116.25331205145656,125.9692,114.82518
2016-05-24 20:00:00,96.66666666666667,97.23430702299565,136.66666666666666,105.0,118.33333333333333,136.71743860739818,110.17626733480505,109.87485,101.94669
2016-05-24 21:00:00,76.66666666666667,97.23430702299565,136.66666666666666,68.33333333333333,65.0,136.74282457776394,77.81955247049433,79.150185,69.117676
2016-05-24 22:00:00,61.666666666666664,97.23430702299565,136.66666666666666,63.333333333333336,46.666666666666664,136.76821054812973,60.20601071010191,74.055595,59.210186
2016-05-24 23:00:00,58.333333333333336,97.23430702299565,136.66666666666666,58.333333333333336,55.0,136.7935965184955,57.148786837685066,63.833252,56.358284
2016-05-25 00:00:00,53.333333333333336,97.23430702299565,136.66666666666666,50.0,51.666666666666664,136.81898248886125,49.93975128175987,58.73329,54.500725
2016-05-25 01:00:00,53.333333333333336,97.23430702299565,136.66666666666666,56.666666666666664,53.333333333333336,136.844368459227,50.57884858226285,57.921566,53.456238
2016-05-25 02:00:00,56.666666666666664,97.23430702299565,136.66666666666666,55.0,55.0,136.86975442959277,50.002738103901166,58.06742,54.050823
2016-05-25 03:00:00,48.333333333333336,97.23430702299565,136.66666666666666,53.333333333333336,51.666666666666664,136.89514039995854,50.03530408337966,57.991776,52.693504
2016-05-25 04:00:00,55.0,97.23430702299565,136.66666666666666,53.333333333333336,51.666666666666664,136.9205263703243,51.10270715553689,57.280483,53.57013
2016-05-25 05:00:00,55.0,97.23430702299565,136.66666666666666,106.66666666666667,65.0,136.94591234069009,61.242147130861056,71.77615,63.24849
2016-05-25 06:00:00,55.0,97.23430702299565,136.66666666666666,71.66666666666667,70.0,136.97129831105585,65.63014651190565,63.11572,69.73489
2016-05-25 07:00:00,65.0,97.23430702299565,136.66666666666666,161.66666666666666,53.333333333333336,136.9966842814216,91.29724794446028,78.03388,75.826614
2016-05-25 08:00:00,83.33333333333333,97.23430702299565,136.66666666666666,56.666666666666664,61.666666666666664,137.02207025178737,108.54407596303167,79.0705,74.5274
2016-05-25 09:00:00,90.0,97.23430702299565,136.66666666666666,38.333333333333336,65.0,137.04745622215313,99.2594115416806,102.21898,63.383377
2016-05-25 10:00:00,78.33333333333333,97.23430702299565,136.66666666666666,66.66666666666667,58.333333333333336,137.0728421925189,115.67997916613308,98.276276,65.49789
2016-05-25 11:00:00,50.0,97.23430702299565,136.66666666666666,101.66666666666667,70.0,137.09822816288465,124.49379946035604,99.97196,64.42647
2016-05-25 12:00:00,60.0,97.23430702299565,136.66666666666666,128.33333333333334,56.666666666666664,137.12361413325044,110.44596525716337,72.11639,64.898865
2016-05-25 13:00:00,71.66666666666667,97.23430702299565,136.66666666666666,118.33333333333333,86.66666666666667,137.1490001036162,112.76963621832098,80.49957,70.565384
2016-05-25 14:00:00,80.0,97.23430702299565,136.66666666666666,150.0,81.66666666666667,137.17438607398196,106.19237299200404,99.31931,75.79945
2016-05-25 15:00:00,80.0,97.23430702299565,136.66666666666666,141.66666666666666,83.33333333333333,137.19977204434772,106.56153632824504,100.67251,77.65048
2016-05-25 16:00:00,231.66666666666666,97.23430702299565,136.66666666666666,141.66666666666666,105.0,137.2251580147135,117.47456585144546,101.4449,91.94473
2016-05-25 17:00:00,118.33333333333333,97.23430702299565,136.66666666666666,203.33333333333334,118.33333333333333,137.25054398507925,188.51862289808605,166.13472,166.807
2016-05-25 18:00:00,156.66666666666666,97.23430702299565,136.66666666666666,136.66666666666666,178.33333333333334,137.275929955445,156.34719984859262,166.02011,140.63902
2016-05-25 19:00:00,118.33333333333333,97.11854822126261,156.66666666666666,123.33333333333333,143.33333333333334,156.69803558572457,100.38414507681256,122.959045,113.81543
2016-05-25 20:00:00,190.0,97.11854822126261,156.66666666666666,96.66666666666667,223.33333333333334,156.72940450478245,103.42259035616624,116.09732,99.9905
2016-05-25 21:00:00,56.666666666666664,97.11854822126261,156.66666666666666,76.66666666666667,81.66666666666667,156.76077342384036,73.21968333164534,106.773346,66.12558
2016-05-25 22:00:00,53.333333333333336,97.11854822126261,156.66666666666666,61.666666666666664,51.666666666666664,156.79214234289827,56.69737772597071,62.056618,57.882828
2016-05-25 23:00:00,53.333333333333336,97.11854822126261,156.66666666666666,58.333333333333336,56.666666666666664,156.82351126195618,56.32918260939934,58.648907,55.48273
2016-05-26 00:00:00,53.333333333333336,97.11854822126261,156.66666666666666,53.333333333333336,51.666666666666664,156.85488018101407,49.47575306679941,57.47488,53.776978
2016-05-26 01:00:00,55.0,97.11854822126261,156.66666666666666,53.333333333333336,51.666666666666664,156.88624910007198,49.936554717316426,57.47488,54.343796
2016-05-26 02:00:00,50.0,97.11854822126261,156.66666666666666,56.666666666666664,50.0,156.9176180191299,49.62156214854621,57.683723,54.281944
2016-05-26 03:00:00,56.666666666666664,97.11854822126261,156.66666666666666,48.333333333333336,51.666666666666664,156.9489869381878,48.80674358431381,57.24234,51.94583
2016-05-26 04:00:00,50.0,97.11854822126261,156.66666666666666,55.0,56.666666666666664,156.98035585724568,49.903101688910255,58.062973,52.48345
2016-05-26 05:00:00,56.666666666666664,97.11854822126261,156.66666666666666,55.0,55.0,157.0117247763036,57.961796809506126,58.344147,61.50179
2016-05-26 06:00:00,61.666666666666664,97.11854822126261,156.66666666666666,55.0,58.333333333333336,157.0430936953615,63.53897161074016,61.244797,64.58709
2016-05-26 07:00:00,100.0,97.11854822126261,156.66666666666666,65.0,50.0,157.07446261441942,86.43010012432462,71.514694,74.361694
2016-05-26 08:00:00,156.66666666666666,97.11854822126261,156.66666666666666,83.33333333333333,53.333333333333336,157.1058315334773,105.74255882831216,101.284676,69.27977
2016-05-26 09:00:00,276.6666666666667,97.11854822126261,156.66666666666666,90.0,36.666666666666664,157.1372004525352,97.1032353768826,116.40474,60.531616
2016-05-26 10:00:00,265.0,97.11854822126261,156.66666666666666,78.33333333333333,55.0,157.16856937159312,111.72039969459166,182.68607,61.708454
2016-05-26 11:00:00,243.33333333333334,97.11854822126261,156.66666666666666,50.0,51.666666666666664,157.19993829065103,117.76024053731982,192.09506,57.974686
2016-05-26 12:00:00,221.66666666666666,97.11854822126261,156.66666666666666,60.0,55.0,157.23130720970892,102.01949335351864,185.85078,57.962997
2016-05-26 13:00:00,75.0,97.11854822126261,156.66666666666666,71.66666666666667,50.0,157.26267612876683,102.43300400917116,172.7416,61.171875
2016-05-26 14:00:00,68.33333333333333,97.11854822126261,156.66666666666666,80.0,63.333333333333336,157.29404504782474,96.03236355936208,123.428535,65.01218
2016-05-26 15:00:00,61.666666666666664,97.11854822126261,156.66666666666666,80.0,81.66666666666667,157.32541396688265,96.07489699378756,91.13036,68.895874
2016-05-26 16:00:00,495.0,97.11854822126261,156.66666666666666,231.66666666666666,90.0,157.35678288594053,115.76910761925213,88.278786,90.892845
2016-05-26 17:00:00,440.0,97.11854822126261,156.66666666666666,118.33333333333333,208.33333333333334,157.38815180499844,175.21894819298095,220.56407,159.88576
2016-05-26 18:00:00,215.0,97.11854822126261,156.66666666666666,156.66666666666666,120.0,157.41952072405635,149.34662118153776,248.13394,130.09735
2016-05-26 19:00:00,223.33333333333334,97.46836088997753,215.0,118.33333333333333,98.33333333333333,215.0490045941807,201.8836613987894,203.83524,123.765236
2016-05-26 20:00:00,91.66666666666667,97.46836088997753,215.0,190.0,118.33333333333333,215.0980091883614,162.9238486086922,193.65623,102.06908
2016-05-26 21:00:00,76.66666666666667,97.46836088997753,215.0,56.666666666666664,66.66666666666667,215.1470137825421,115.46478891897218,83.12004,68.2382
2016-05-26 22:00:00,70.0,97.46836088997753,215.0,53.333333333333336,50.0,215.1960183767228,88.41987245164418,76.91401,57.99448
2016-05-26 23:00:00,65.0,97.46836088997753,215.0,53.333333333333336,56.666666666666664,215.24502297090353,79.15292524605567,71.44056,54.51708
2016-05-27 00:00:00,60.0,97.46836088997753,215.0,53.333333333333336,51.666666666666664,215.29402756508424,66.85009456677959,63.826935,53.92922
2016-05-27 01:00:00,58.333333333333336,97.46836088997753,215.0,55.0,51.666666666666664,215.34303215926494,62.89436715036979,61.055893,55.225273
2016-05-27 02:00:00,50.0,97.46836088997753,215.0,50.0,36.666666666666664,215.39203675344564,58.91921113653628,58.523834,54.439262
2016-05-27 03:00:00,58.333333333333336,97.46836088997753,215.0,56.666666666666664,58.333333333333336,215.44104134762634,56.62934186834276,57.384823,52.428753
2016-05-27 04:00:00,58.333333333333336,97.46836088997753,215.0,50.0,51.666666666666664,215.49004594180704,56.028657393648274,58.934883,51.497196
2016-05-27 05:00:00,58.333333333333336,97.46836088997753,215.0,56.666666666666664,61.666666666666664,215.53905053598774,62.19431508464589,61.03677,53.365993
2016-05-27 06:00:00,63.333333333333336,97.46836088997753,215.0,61.666666666666664,66.66666666666667,215.58805513016844,66.57671322356788,65.8173,66.59872
2016-05-27 07:00:00,111.66666666666667,97.46836088997753,215.0,100.0,80.0,215.63705972434917,89.77822022486276,81.41861,112.39812
2016-05-27 08:00:00,130.0,97.46836088997753,215.0,156.66666666666666,126.66666666666667,215.68606431852987,112.2225403082913,112.549644,151.54836
2016-05-27 09:00:00,251.66666666666666,97.46836088997753,215.0,276.6666666666667,73.33333333333333,215.73506891271057,111.18459136038936,119.81231,163.2904
2016-05-27 10:00:00,251.66666666666666,97.46836088997753,215.0,265.0,81.66666666666667,215.78407350689127,123.43123120530916,159.64178,169.87445
2016-05-27 11:00:00,310.0,97.46836088997753,215.0,243.33333333333334,73.33333333333333,215.83307810107198,128.19513875495588,195.51134,188.45538
2016-05-27 12:00:00,185.0,97.46836088997753,215.0,221.66666666666666,71.66666666666667,215.88208269525268,111.77627937841363,196.7911,167.66205
2016-05-27 13:00:00,265.0,97.46836088997753,215.0,75.0,61.666666666666664,215.93108728943338,104.82715976059536,174.05414,152.96147
2016-05-27 14:00:00,101.66666666666667,97.46836088997753,215.0,68.33333333333333,60.0,215.98009188361408,98.22810653244424,186.33449,132.83467
2016-05-27 15:00:00,76.66666666666667,97.46836088997753,215.0,61.666666666666664,46.666666666666664,216.02909647779478,97.43861788900576,135.11795,123.59513
2016-05-27 16:00:00,135.0,97.46836088997753,215.0,495.0,48.333333333333336,216.0781010719755,143.58872200300328,112.7551,137.65956
2016-05-27 17:00:00,180.0,97.46836088997753,215.0,440.0,75.0,216.1271056661562,201.50924856538035,148.72507,172.97537
2016-05-27 18:00:00,430.0,97.46836088997753,215.0,215.0,78.33333333333333,216.1761102603369,160.05803355510596,172.29826,157.72519
